userID,sumrating,userID,numrating,Average
75,102.0,75,27,3.7777777777777777
78,562.0,78,137,4.102189781021898
127,10.5,127,3,3.5
170,225.0,170,74,3.0405405405405403
175,681.0,175,162,4.203703703703703
190,454.0,190,140,3.242857142857143
267,629.0,267,219,2.872146118721461
325,399.5,325,103,3.878640776699029
383,288.5,383,91,3.17032967032967
476,645.5,476,164,3.9359756097560976
477,351.0,477,80,4.3875
493,799.0,493,220,3.631818181818182
498,33.0,498,11,3.0
533,1116.5,533,278,4.016187050359712
545,736.0,545,183,4.021857923497268
548,73.5,548,17,4.323529411764706
580,57.5,580,16,3.59375
622,343.5,622,73,4.705479452054795
636,455.5,636,140,3.2535714285714286
637,54.0,637,14,3.857142857142857
728,98.0,728,23,4.260869565217392
732,100.5,732,32,3.140625
783,302.5,783,97,3.118556701030928
788,914.5,788,226,4.04646017699115
894,29.0,894,8,3.625
922,571.0,922,149,3.8322147651006713
937,161.5,937,42,3.8452380952380953
1017,75.5,1017,20,3.775
1035,270.5,1035,76,3.5592105263157894
1047,572.0,1047,148,3.864864864864865
1117,62.0,1117,17,3.6470588235294117
1118,190.5,1118,47,4.053191489361702
1122,245.5,1122,53,4.632075471698113
1160,957.0,1160,228,4.197368421052632
1164,203.5,1164,50,4.07
1174,905.0,1174,263,3.44106463878327
1198,695.5,1198,188,3.699468085106383
1224,990.5,1224,258,3.8391472868217056
1225,126.5,1225,35,3.6142857142857143
1267,280.0,1267,68,4.117647058823529
1278,389.5,1278,122,3.192622950819672
1282,78.0,1282,19,4.105263157894737
1355,1029.0,1355,282,3.648936170212766
1392,680.0,1392,210,3.238095238095238
1436,50.0,1436,15,3.3333333333333335
1496,595.0,1496,145,4.103448275862069
1504,56.0,1504,16,3.5
1510,507.0,1510,132,3.840909090909091
1547,406.5,1547,100,4.065
1600,10.5,1600,3,3.5
1632,771.5,1632,207,3.7270531400966185
1652,314.0,1652,76,4.131578947368421
1663,723.5,1663,197,3.6725888324873095
1713,190.0,1713,64,2.96875
1724,1069.0,1724,278,3.8453237410071943
1728,365.5,1728,96,3.8072916666666665
1751,797.5,1751,231,3.4523809523809526
1860,1203.0,1860,344,3.497093023255814
1910,145.0,1910,46,3.152173913043478
1915,937.5,1915,278,3.3723021582733814
1988,1106.5,1988,317,3.4905362776025237
2039,381.0,2039,98,3.8877551020408165
2053,932.5,2053,298,3.129194630872483
2102,530.0,2102,126,4.2063492063492065
2108,176.0,2108,44,4.0
2136,67.0,2136,17,3.9411764705882355
2200,56.0,2200,15,3.7333333333333334
2204,1090.5,2204,302,3.6109271523178808
2218,631.0,2218,192,3.2864583333333335
2276,328.5,2276,86,3.8197674418604652
2315,613.5,2315,164,3.7408536585365852
2429,660.5,2429,198,3.335858585858586
2435,1052.0,2435,264,3.984848484848485
2455,506.0,2455,143,3.5384615384615383
2471,643.5,2471,186,3.4596774193548385
2477,150.5,2477,39,3.858974358974359
2513,768.5,2513,186,4.131720430107527
2517,956.0,2517,271,3.5276752767527677
2556,546.5,2556,154,3.5487012987012987
2558,264.5,2558,74,3.574324324324324
2589,100.0,2589,25,4.0
2612,645.5,2612,167,3.8652694610778444
2643,472.0,2643,120,3.933333333333333
2658,135.0,2658,34,3.9705882352941178
2692,849.0,2692,233,3.643776824034335
2706,525.0,2706,142,3.6971830985915495
2732,152.5,2732,35,4.357142857142857
2771,156.5,2771,45,3.477777777777778
2801,195.5,2801,46,4.25
2842,339.5,2842,90,3.772222222222222
2852,1138.0,2852,328,3.4695121951219514
2853,1006.0,2853,271,3.7121771217712176
2891,895.5,2891,245,3.6551020408163266
2901,32.0,2901,9,3.5555555555555554
2904,444.0,2904,112,3.9642857142857144
2930,637.0,2930,175,3.64
3017,35.0,3017,9,3.888888888888889
3057,1102.5,3057,306,3.6029411764705883
3104,730.0,3104,235,3.106382978723404
3106,533.5,3106,153,3.4869281045751634
3174,1060.5,3174,287,3.6951219512195124
3190,743.0,3190,182,4.082417582417582
3271,201.5,3271,54,3.7314814814814814
3301,1000.5,3301,293,3.4146757679180886
3304,546.5,3304,201,2.718905472636816
3313,1037.5,3313,249,4.166666666666667
3369,229.5,3369,59,3.889830508474576
3392,585.0,3392,177,3.305084745762712
3429,338.5,3429,88,3.846590909090909
3493,488.5,3493,143,3.4160839160839163
3512,488.0,3512,149,3.2751677852348995
3527,206.0,3527,49,4.204081632653061
3541,561.0,3541,162,3.462962962962963
3595,938.0,3595,242,3.87603305785124
3600,301.5,3600,80,3.76875
3710,45.5,3710,17,2.676470588235294
3849,733.0,3849,190,3.857894736842105
3853,541.5,3853,141,3.8404255319148937
3860,321.0,3860,105,3.057142857142857
3868,222.5,3868,54,4.12037037037037
3976,386.5,3976,105,3.6809523809523808
4002,371.5,4002,99,3.7525252525252526
4022,644.5,4022,172,3.747093023255814
4078,1024.0,4078,293,3.4948805460750854
4087,139.5,4087,36,3.875
4146,109.5,4146,28,3.9107142857142856
4188,61.5,4188,17,3.6176470588235294
4198,411.0,4198,102,4.029411764705882
4254,150.5,4254,39,3.858974358974359
4335,491.5,4335,127,3.87007874015748
4341,469.0,4341,143,3.2797202797202796
4352,494.5,4352,149,3.3187919463087248
4375,376.0,4375,131,2.8702290076335877
4517,591.5,4517,181,3.2679558011049723
4544,654.0,4544,162,4.037037037037037
4549,1053.0,4549,310,3.3967741935483873
4650,585.0,4650,170,3.4411764705882355
4697,678.5,4697,167,4.062874251497006
4728,439.0,4728,112,3.919642857142857
4800,424.0,4800,126,3.365079365079365
4827,1196.0,4827,318,3.761006289308176
4856,418.0,4856,125,3.344
4869,349.0,4869,112,3.1160714285714284
4895,376.0,4895,94,4.0
4912,382.0,4912,103,3.70873786407767
4944,436.5,4944,135,3.2333333333333334
5002,143.5,5002,39,3.6794871794871793
5031,124.0,5031,40,3.1
5085,999.0,5085,280,3.567857142857143
5182,793.5,5182,197,4.027918781725888
5227,795.0,5227,207,3.8405797101449277
5238,706.5,5238,184,3.839673913043478
5240,37.5,5240,8,4.6875
5285,899.5,5285,252,3.5694444444444446
5321,343.5,5321,88,3.903409090909091
5459,1011.5,5459,265,3.8169811320754716
5461,800.5,5461,243,3.294238683127572
5475,260.5,5475,61,4.270491803278689
5494,102.5,5494,24,4.270833333333333
5552,605.5,5552,169,3.5828402366863905
5593,38.0,5593,10,3.8
5706,261.5,5706,77,3.396103896103896
5757,225.0,5757,55,4.090909090909091
5829,777.0,5829,258,3.011627906976744
5831,340.0,5831,109,3.1192660550458715
5917,755.5,5917,251,3.00996015936255
5925,563.0,5925,177,3.1807909604519775
5954,902.5,5954,237,3.808016877637131
5978,613.5,5978,186,3.2983870967741935
6018,1080.0,6018,345,3.130434782608696
6082,215.0,6082,58,3.706896551724138
6119,525.0,6119,147,3.5714285714285716
6150,950.5,6150,284,3.346830985915493
6227,1161.5,6227,277,4.193140794223827
6264,715.0,6264,201,3.557213930348259
6302,18.0,6302,5,3.6
6323,477.0,6323,137,3.4817518248175183
6352,889.5,6352,297,2.994949494949495
6362,432.0,6362,105,4.114285714285714
6375,321.5,6375,86,3.738372093023256
6385,578.0,6385,135,4.281481481481482
6393,1190.5,6393,312,3.815705128205128
6400,81.0,6400,25,3.24
6443,971.5,6443,286,3.3968531468531467
6449,73.5,6449,19,3.8684210526315788
6471,130.5,6471,29,4.5
6477,1232.5,6477,334,3.690119760479042
6528,238.5,6528,92,2.592391304347826
6532,660.0,6532,168,3.9285714285714284
6550,951.0,6550,274,3.4708029197080292
6571,635.5,6571,198,3.20959595959596
6616,516.5,6616,129,4.003875968992248
6625,519.0,6625,136,3.8161764705882355
6757,1101.0,6757,350,3.145714285714286
6758,705.5,6758,204,3.4583333333333335
6785,470.0,6785,128,3.671875
6862,552.5,6862,122,4.528688524590164
6946,166.5,6946,40,4.1625
6971,1128.5,6971,284,3.9735915492957745
7088,324.0,7088,81,4.0
7181,721.5,7181,248,2.909274193548387
7195,1087.5,7195,267,4.073033707865169
7248,4.0,7248,1,4.0
7252,774.5,7252,200,3.8725
7287,623.0,7287,167,3.730538922155689
7315,1005.5,7315,305,3.2967213114754097
7317,431.5,7317,114,3.7850877192982457
7354,765.0,7354,204,3.75
7461,828.5,7461,208,3.983173076923077
7587,1008.0,7587,270,3.7333333333333334
7612,1109.0,7612,315,3.5206349206349206
7635,518.5,7635,131,3.9580152671755724
7685,322.5,7685,100,3.225
7704,366.5,7704,111,3.3018018018018016
7711,1130.0,7711,301,3.7541528239202657
7727,886.0,7727,237,3.738396624472574
7740,472.5,7740,126,3.75
7743,209.5,7743,89,2.353932584269663
7815,308.0,7815,91,3.3846153846153846
7849,771.5,7849,249,3.0983935742971886
7919,707.0,7919,167,4.233532934131737
8041,844.0,8041,235,3.5914893617021275
8048,1023.5,8048,284,3.6038732394366195
8094,46.5,8094,11,4.2272727272727275
8114,1171.0,8114,322,3.6366459627329193
8127,1075.0,8127,298,3.6073825503355703
8148,371.0,8148,98,3.7857142857142856
8168,740.0,8168,231,3.2034632034632033
8194,41.0,8194,12,3.4166666666666665
8209,414.5,8209,113,3.668141592920354
8216,194.0,8216,44,4.409090909090909
8282,107.5,8282,25,4.3
8423,119.0,8423,40,2.975
8434,279.0,8434,71,3.9295774647887325
8517,586.5,8517,151,3.884105960264901
8584,259.0,8584,64,4.046875
8604,1015.0,8604,318,3.191823899371069
8610,546.0,8610,156,3.5
8619,285.5,8619,66,4.325757575757576
8621,833.5,8621,217,3.8410138248847927
8624,363.0,8624,128,2.8359375
8642,643.5,8642,180,3.575
8651,1270.5,8651,321,3.957943925233645
8683,785.0,8683,214,3.6682242990654204
8699,293.5,8699,69,4.253623188405797
8701,857.5,8701,237,3.6181434599156117
8726,357.5,8726,113,3.163716814159292
8740,1231.5,8740,293,4.203071672354949
8787,709.5,8787,216,3.2847222222222223
8824,27.5,8824,10,2.75
8858,764.0,8858,199,3.8391959798994977
8881,830.5,8881,237,3.5042194092827006
8892,1302.0,8892,331,3.933534743202417
8893,50.5,8893,17,2.9705882352941178
8905,502.5,8905,154,3.262987012987013
8930,1139.0,8930,265,4.2981132075471695
8970,279.5,8970,77,3.6298701298701297
8996,626.5,8996,183,3.4234972677595628
9029,162.0,9029,46,3.5217391304347827
9034,122.5,9034,32,3.828125
9060,1055.0,9060,266,3.9661654135338344
9085,945.5,9085,247,3.827935222672065
9117,810.5,9117,213,3.8051643192488265
9127,489.0,9127,116,4.2155172413793105
9134,18.0,9134,5,3.6
9139,1319.5,9139,334,3.9505988023952097
9177,305.0,9177,90,3.388888888888889
9245,199.5,9245,57,3.5
9277,49.5,9277,10,4.95
9370,483.0,9370,117,4.128205128205129
9411,13.5,9411,4,3.375
9415,365.0,9415,122,2.9918032786885247
9470,508.0,9470,134,3.791044776119403
9475,272.0,9475,68,4.0
9522,1149.0,9522,276,4.163043478260869
9593,87.0,9593,20,4.35
9595,1254.5,9595,320,3.9203125
9807,510.0,9807,120,4.25
9889,319.0,9889,95,3.357894736842105
10025,302.0,10025,102,2.9607843137254903
10058,216.5,10058,75,2.8866666666666667
10064,5.0,10064,1,5.0
10084,218.5,10084,58,3.7672413793103448
10094,305.5,10094,90,3.3944444444444444
10125,101.0,10125,31,3.2580645161290325
10132,826.5,10132,230,3.5934782608695652
10154,203.5,10154,55,3.7
10181,297.0,10181,80,3.7125
10191,225.0,10191,54,4.166666666666667
10200,88.5,10200,27,3.2777777777777777
10231,221.0,10231,68,3.25
10272,54.5,10272,13,4.1923076923076925
10335,55.0,10335,17,3.235294117647059
10420,137.5,10420,61,2.2540983606557377
10476,449.5,10476,154,2.918831168831169
10479,558.5,10479,154,3.6266233766233764
10516,1228.0,10516,325,3.7784615384615385
10521,165.0,10521,43,3.8372093023255816
10563,749.5,10563,180,4.163888888888889
10639,37.5,10639,10,3.75
10652,933.0,10652,279,3.3440860215053765
10674,745.5,10674,235,3.1723404255319148
10739,314.5,10739,88,3.5738636363636362
10783,150.0,10783,38,3.9473684210526314
10791,705.0,10791,208,3.389423076923077
10844,278.0,10844,64,4.34375
10905,728.0,10905,204,3.5686274509803924
10931,605.5,10931,168,3.6041666666666665
10936,148.0,10936,36,4.111111111111111
10986,363.5,10986,109,3.334862385321101
11032,488.5,11032,112,4.361607142857143
11090,417.5,11090,110,3.7954545454545454
11114,276.0,11114,76,3.6315789473684212
11162,822.0,11162,218,3.770642201834862
11188,575.5,11188,153,3.761437908496732
11220,549.0,11220,143,3.839160839160839
11228,357.0,11228,94,3.797872340425532
11239,971.5,11239,255,3.8098039215686272
11240,622.0,11240,173,3.5953757225433525
11244,842.0,11244,215,3.916279069767442
11255,722.0,11255,177,4.0790960451977405
11277,471.0,11277,123,3.8292682926829267
11338,627.5,11338,174,3.6063218390804597
11411,601.0,11411,177,3.3954802259887007
11420,589.5,11420,158,3.731012658227848
11424,182.5,11424,52,3.5096153846153846
11451,93.0,11451,20,4.65
11457,106.0,11457,25,4.24
11510,1034.5,11510,294,3.5187074829931975
11515,645.5,11515,176,3.6676136363636362
11554,594.0,11554,159,3.7358490566037736
11563,243.0,11563,66,3.6818181818181817
11569,648.0,11569,178,3.640449438202247
11577,503.5,11577,139,3.6223021582733814
11613,694.0,11613,194,3.577319587628866
11638,1251.0,11638,323,3.873065015479876
11728,474.5,11728,134,3.541044776119403
11744,341.0,11744,100,3.41
11758,591.0,11758,183,3.2295081967213113
11802,699.0,11802,154,4.538961038961039
11809,669.5,11809,166,4.033132530120482
11810,52.0,11810,20,2.6
11824,641.0,11824,174,3.6839080459770117
11825,889.0,11825,235,3.782978723404255
11898,820.0,11898,272,3.014705882352941
11912,285.5,11912,73,3.910958904109589
11930,276.5,11930,83,3.3313253012048194
11937,557.5,11937,141,3.9539007092198584
12025,834.5,12025,228,3.6600877192982457
12028,616.0,12028,166,3.710843373493976
12040,140.5,12040,40,3.5125
12046,252.0,12046,65,3.876923076923077
12051,571.5,12051,164,3.4847560975609757
12056,507.0,12056,149,3.402684563758389
12064,739.5,12064,203,3.642857142857143
12126,67.0,12126,17,3.9411764705882355
12221,677.5,12221,176,3.8494318181818183
12259,340.0,12259,81,4.197530864197531
12265,871.5,12265,228,3.8223684210526314
12272,410.0,12272,111,3.6936936936936937
12283,359.5,12283,91,3.9505494505494507
12296,845.5,12296,230,3.6760869565217393
12309,1070.0,12309,314,3.4076433121019107
12313,605.0,12313,156,3.878205128205128
12356,63.5,12356,17,3.735294117647059
12428,680.0,12428,187,3.6363636363636362
12451,427.5,12451,116,3.685344827586207
12458,650.5,12458,172,3.7819767441860463
12459,58.5,12459,20,2.925
12554,634.0,12554,180,3.522222222222222
12563,124.5,12563,31,4.016129032258065
12621,696.5,12621,185,3.764864864864865
12622,241.5,12622,60,4.025
12681,223.5,12681,59,3.788135593220339
12759,765.0,12759,242,3.1611570247933884
12760,633.0,12760,172,3.6802325581395348
12818,714.5,12818,164,4.3567073170731705
12866,239.0,12866,56,4.267857142857143
12888,40.0,12888,14,2.857142857142857
12917,663.0,12917,210,3.157142857142857
12921,438.0,12921,100,4.38
12949,589.0,12949,179,3.2905027932960893
12986,509.5,12986,140,3.6392857142857142
13014,385.0,13014,99,3.888888888888889
13029,722.0,13029,239,3.0209205020920504
13043,204.0,13043,54,3.7777777777777777
13048,55.0,13048,17,3.235294117647059
13054,459.5,13054,126,3.6468253968253967
13056,594.5,13056,151,3.937086092715232
13086,258.0,13086,65,3.9692307692307693
13159,264.0,13159,68,3.8823529411764706
13216,575.5,13216,149,3.8624161073825505
13222,529.5,13222,124,4.270161290322581
13230,88.5,13230,22,4.0227272727272725
13233,21.5,13233,5,4.3
13257,251.0,13257,62,4.048387096774194
13266,49.5,13266,18,2.75
13283,720.0,13283,210,3.4285714285714284
13318,846.0,13318,229,3.6943231441048034
13376,563.5,13376,146,3.8595890410958904
13397,125.0,13397,31,4.032258064516129
13454,84.0,13454,23,3.652173913043478
13472,517.5,13472,163,3.1748466257668713
13561,71.0,13561,36,1.9722222222222223
13595,396.5,13595,103,3.849514563106796
13614,868.5,13614,277,3.1353790613718413
13656,492.5,13656,122,4.036885245901639
13694,473.0,13694,164,2.8841463414634148
13701,1059.0,13701,275,3.850909090909091
13716,1136.0,13716,314,3.6178343949044587
13748,805.5,13748,217,3.7119815668202767
13781,803.5,13781,235,3.4191489361702128
13815,198.5,13815,49,4.051020408163265
13877,5.0,13877,2,2.5
13890,624.5,13890,160,3.903125
13897,39.0,13897,10,3.9
13914,218.0,13914,58,3.7586206896551726
13916,426.5,13916,97,4.396907216494846
13937,101.0,13937,28,3.607142857142857
13938,610.0,13938,198,3.080808080808081
13970,153.5,13970,34,4.514705882352941
14029,425.5,14029,104,4.091346153846154
14070,433.5,14070,121,3.5826446280991737
14095,538.5,14095,125,4.308
14099,439.0,14099,121,3.628099173553719
14171,102.0,14171,26,3.923076923076923
14222,169.5,14222,52,3.2596153846153846
14246,40.0,14246,15,2.6666666666666665
14323,337.0,14323,87,3.8735632183908044
14361,465.0,14361,108,4.305555555555555
14421,57.5,14421,15,3.8333333333333335
14454,530.5,14454,193,2.7487046632124352
14465,294.5,14465,69,4.268115942028985
14479,140.5,14479,36,3.9027777777777777
14498,657.0,14498,196,3.3520408163265305
14531,198.0,14531,50,3.96
14570,457.0,14570,150,3.046666666666667
14578,954.5,14578,240,3.9770833333333333
14598,30.5,14598,7,4.357142857142857
14614,249.0,14614,72,3.4583333333333335
14648,637.5,14648,194,3.286082474226804
14653,970.0,14653,304,3.1907894736842106
14679,644.5,14679,209,3.083732057416268
14706,751.0,14706,216,3.4768518518518516
14709,55.0,14709,16,3.4375
14895,458.0,14895,197,2.3248730964467006
14910,318.0,14910,73,4.3561643835616435
14918,626.5,14918,182,3.4423076923076925
14946,631.0,14946,163,3.871165644171779
14979,103.0,14979,24,4.291666666666667
15061,1060.0,15061,304,3.486842105263158
15157,145.5,15157,37,3.9324324324324325
15168,93.5,15168,31,3.0161290322580645
15178,150.0,15178,44,3.409090909090909
15264,700.0,15264,231,3.0303030303030303
15311,819.0,15311,270,3.033333333333333
15344,840.0,15344,205,4.097560975609756
15399,146.0,15399,40,3.65
15436,182.0,15436,43,4.232558139534884
15437,212.0,15437,57,3.719298245614035
15440,694.5,15440,174,3.9913793103448274
15558,878.5,15558,283,3.104240282685512
15714,1002.0,15714,293,3.419795221843003
15715,300.0,15715,93,3.225806451612903
15716,341.5,15716,89,3.837078651685393
15722,1169.0,15722,290,4.031034482758621
15780,25.0,15780,7,3.5714285714285716
15783,503.5,15783,148,3.402027027027027
15811,885.0,15811,224,3.950892857142857
15816,659.0,15816,189,3.486772486772487
15846,381.5,15846,97,3.9329896907216493
15853,466.5,15853,110,4.240909090909091
15879,16.0,15879,5,3.2
15896,173.0,15896,46,3.760869565217391
15926,213.0,15926,57,3.736842105263158
15974,272.0,15974,73,3.7260273972602738
16003,1261.5,16003,299,4.219063545150502
16004,1050.0,16004,296,3.5472972972972974
16031,135.5,16031,55,2.463636363636364
16039,411.0,16039,116,3.543103448275862
16047,2.0,16047,1,2.0
16103,879.0,16103,243,3.617283950617284
16123,100.5,16123,27,3.7222222222222223
16133,1163.5,16133,290,4.0120689655172415
16149,339.5,16149,85,3.9941176470588236
16168,824.0,16168,221,3.728506787330317
16174,360.0,16174,86,4.186046511627907
16206,98.5,16206,24,4.104166666666667
16289,224.5,16289,56,4.008928571428571
16295,254.5,16295,61,4.172131147540983
16302,215.5,16302,51,4.2254901960784315
16321,993.5,16321,275,3.612727272727273
16389,577.0,16389,162,3.5617283950617282
16419,363.5,16419,93,3.9086021505376345
16485,258.5,16485,65,3.976923076923077
16574,235.5,16574,55,4.281818181818182
16587,396.0,16587,91,4.351648351648351
16591,106.5,16591,31,3.435483870967742
16592,161.0,16592,41,3.926829268292683
16610,805.0,16610,243,3.3127572016460904
16664,717.0,16664,220,3.2590909090909093
16677,683.0,16677,191,3.575916230366492
16850,609.0,16850,167,3.6467065868263475
16862,249.0,16862,69,3.608695652173913
16949,389.0,16949,118,3.2966101694915255
16987,85.5,16987,23,3.717391304347826
17205,737.5,17205,204,3.6151960784313726
17260,832.5,17260,234,3.5576923076923075
17307,478.5,17307,128,3.73828125
17312,337.5,17312,95,3.5526315789473686
17334,24.5,17334,5,4.9
17363,413.5,17363,101,4.094059405940594
17461,63.5,17461,18,3.5277777777777777
17463,125.5,17463,43,2.9186046511627906
17559,292.5,17559,71,4.119718309859155
17597,41.0,17597,9,4.555555555555555
17613,945.0,17613,286,3.304195804195804
17623,459.5,17623,124,3.7056451612903225
17632,762.5,17632,209,3.648325358851675
17647,375.0,17647,104,3.605769230769231
17653,976.5,17653,285,3.4263157894736844
17688,646.0,17688,176,3.6704545454545454
17738,30.0,17738,9,3.3333333333333335
17755,871.5,17755,254,3.4311023622047245
17813,122.5,17813,33,3.712121212121212
17835,915.0,17835,261,3.5057471264367814
17854,895.0,17854,266,3.3646616541353382
17909,1200.0,17909,303,3.9603960396039604
17924,1035.0,17924,253,4.090909090909091
17930,536.5,17930,148,3.625
17946,445.5,17946,121,3.6818181818181817
17999,963.0,17999,285,3.3789473684210525
18015,841.5,18015,232,3.627155172413793
18059,941.5,18059,251,3.750996015936255
18075,585.0,18075,160,3.65625
18082,1044.0,18082,249,4.192771084337349
18114,437.0,18114,126,3.4682539682539684
18161,1111.5,18161,289,3.8460207612456747
18205,311.5,18205,80,3.89375
18206,988.0,18206,271,3.6457564575645756
18256,647.0,18256,165,3.9212121212121214
18293,617.5,18293,165,3.742424242424242
18295,529.0,18295,165,3.206060606060606
18304,272.0,18304,67,4.059701492537314
18367,417.0,18367,123,3.3902439024390243
18379,370.5,18379,117,3.1666666666666665
18434,195.0,18434,47,4.148936170212766
18461,39.5,18461,11,3.590909090909091
18506,790.5,18506,230,3.4369565217391305
18510,683.5,18510,172,3.9738372093023258
18600,803.0,18600,210,3.823809523809524
18660,409.0,18660,101,4.0495049504950495
18666,489.0,18666,135,3.6222222222222222
18673,736.5,18673,240,3.06875
18678,573.5,18678,157,3.6528662420382165
18687,537.0,18687,132,4.068181818181818
18718,364.5,18718,93,3.9193548387096775
18724,983.0,18724,250,3.932
18742,83.5,18742,23,3.630434782608696
18797,225.0,18797,60,3.75
18802,916.0,18802,225,4.071111111111111
18849,330.5,18849,99,3.3383838383838382
18853,695.5,18853,202,3.4430693069306932
18896,629.5,18896,175,3.597142857142857
18946,197.5,18946,48,4.114583333333333
18979,23.0,18979,5,4.6
18983,881.0,18983,268,3.287313432835821
19018,1066.5,19018,240,4.44375
19054,146.0,19054,38,3.8421052631578947
19066,390.0,19066,128,3.046875
19131,941.5,19131,290,3.246551724137931
19164,119.0,19164,30,3.966666666666667
19193,659.0,19193,196,3.3622448979591835
19306,651.0,19306,198,3.287878787878788
19402,475.0,19402,133,3.5714285714285716
19475,838.0,19475,245,3.4204081632653063
19493,171.0,19493,40,4.275
19519,369.0,19519,106,3.481132075471698
19520,367.5,19520,94,3.9095744680851063
19532,185.0,19532,51,3.627450980392157
19546,784.5,19546,240,3.26875
19562,155.0,19562,35,4.428571428571429
19575,93.0,19575,23,4.043478260869565
19587,1305.0,19587,333,3.918918918918919
19619,300.0,19619,75,4.0
19668,793.0,19668,222,3.5720720720720722
19714,315.5,19714,85,3.711764705882353
19741,599.5,19741,182,3.293956043956044
19742,983.5,19742,235,4.185106382978724
19783,452.5,19783,127,3.562992125984252
19806,124.0,19806,37,3.3513513513513513
19820,644.5,19820,199,3.2386934673366836
19832,234.5,19832,53,4.4245283018867925
19838,832.0,19838,210,3.961904761904762
19854,121.0,19854,33,3.6666666666666665
19864,887.5,19864,243,3.652263374485597
19885,662.0,19885,183,3.6174863387978142
19899,116.5,19899,33,3.5303030303030303
19909,869.0,19909,269,3.2304832713754648
19923,854.0,19923,238,3.588235294117647
19928,795.5,19928,198,4.017676767676767
19933,150.5,19933,38,3.960526315789474
19963,545.0,19963,153,3.5620915032679736
19982,1319.0,19982,318,4.147798742138365
19986,83.0,19986,22,3.772727272727273
20025,1068.0,20025,270,3.9555555555555557
20028,582.0,20028,159,3.660377358490566
20081,27.0,20081,8,3.375
20121,879.0,20121,230,3.8217391304347825
20144,699.5,20144,165,4.239393939393939
20189,133.0,20189,48,2.7708333333333335
20226,854.5,20226,242,3.53099173553719
20262,206.5,20262,48,4.302083333333333
20263,1020.0,20263,268,3.8059701492537314
20298,959.0,20298,229,4.187772925764192
20348,308.5,20348,84,3.6726190476190474
20385,339.0,20385,79,4.291139240506329
20391,856.0,20391,202,4.237623762376238
20409,18.5,20409,5,3.7
20435,303.0,20435,82,3.6951219512195124
20438,826.5,20438,255,3.2411764705882353
20492,998.0,20492,250,3.992
20531,207.5,20531,56,3.705357142857143
20554,529.5,20554,131,4.041984732824427
20591,591.0,20591,167,3.538922155688623
20606,63.5,20606,18,3.5277777777777777
20699,481.0,20699,192,2.5052083333333335
20709,952.5,20709,239,3.985355648535565
20734,51.0,20734,18,2.8333333333333335
20758,346.0,20758,91,3.802197802197802
20812,1043.0,20812,275,3.792727272727273
20832,10.0,20832,2,5.0
20897,563.0,20897,161,3.4968944099378882
20938,744.5,20938,185,4.024324324324325
20974,5.0,20974,1,5.0
21052,292.0,21052,77,3.792207792207792
21055,636.0,21055,161,3.950310559006211
21101,300.5,21101,79,3.8037974683544302
21171,1017.5,21171,267,3.810861423220974
21184,581.0,21184,155,3.7483870967741937
21188,745.0,21188,203,3.6699507389162562
21237,567.5,21237,138,4.11231884057971
21244,861.0,21244,223,3.8609865470852016
21272,655.5,21272,196,3.3443877551020407
21277,818.0,21277,196,4.173469387755102
21374,410.5,21374,95,4.321052631578947
21439,221.0,21439,62,3.564516129032258
21488,397.0,21488,95,4.178947368421053
21513,68.0,21513,15,4.533333333333333
21522,635.5,21522,163,3.8987730061349692
21523,244.5,21523,54,4.527777777777778
21558,103.0,21558,28,3.6785714285714284
21624,573.0,21624,152,3.7697368421052633
21655,80.5,21655,20,4.025
21668,174.0,21668,46,3.782608695652174
21672,778.5,21672,234,3.326923076923077
21691,182.5,21691,56,3.2589285714285716
21693,683.0,21693,207,3.2995169082125604
21699,682.0,21699,191,3.5706806282722514
21708,422.0,21708,129,3.2713178294573644
21712,610.0,21712,175,3.4857142857142858
21767,685.5,21767,167,4.104790419161676
21835,646.0,21835,156,4.141025641025641
21838,256.5,21838,61,4.204918032786885
21872,817.5,21872,226,3.6172566371681416
21947,1003.5,21947,293,3.4249146757679183
22035,450.5,22035,104,4.331730769230769
22061,517.0,22061,146,3.541095890410959
22066,427.5,22066,116,3.685344827586207
22125,546.5,22125,139,3.931654676258993
22198,868.0,22198,266,3.263157894736842
22278,593.5,22278,149,3.9832214765100673
22371,202.5,22371,56,3.6160714285714284
22386,305.0,22386,81,3.765432098765432
22453,66.5,22453,22,3.022727272727273
22461,135.0,22461,41,3.292682926829268
22479,529.0,22479,165,3.206060606060606
22609,1081.0,22609,309,3.498381877022654
22616,604.5,22616,169,3.576923076923077
22701,134.5,22701,34,3.9558823529411766
22712,883.0,22712,246,3.589430894308943
22723,237.5,22723,64,3.7109375
22798,150.0,22798,36,4.166666666666667
22815,700.5,22815,217,3.228110599078341
22869,425.5,22869,98,4.341836734693878
22872,1104.0,22872,318,3.4716981132075473
22931,180.0,22931,41,4.390243902439025
22936,562.0,22936,151,3.7218543046357615
22957,769.0,22957,201,3.825870646766169
22961,495.5,22961,159,3.1163522012578615
23032,870.5,23032,250,3.482
23087,856.0,23087,243,3.522633744855967
23129,99.5,23129,22,4.5227272727272725
23172,929.0,23172,258,3.60077519379845
23228,1062.0,23228,270,3.933333333333333
23260,722.0,23260,218,3.311926605504587
23318,647.5,23318,180,3.5972222222222223
23360,442.5,23360,115,3.847826086956522
23386,703.0,23386,186,3.7795698924731185
23388,648.0,23388,264,2.4545454545454546
23422,911.0,23422,241,3.780082987551867
23423,673.0,23423,171,3.935672514619883
23437,849.0,23437,208,4.081730769230769
23473,97.5,23473,27,3.611111111111111
23561,550.5,23561,145,3.796551724137931
23581,1105.0,23581,305,3.622950819672131
23634,904.5,23634,226,4.002212389380531
23647,173.0,23647,47,3.6808510638297873
23712,459.0,23712,123,3.731707317073171
23717,92.5,23717,22,4.204545454545454
23733,1054.0,23733,261,4.038314176245211
23753,752.5,23753,203,3.706896551724138
23850,147.0,23850,36,4.083333333333333
23858,1232.5,23858,319,3.8636363636363638
23862,384.5,23862,96,4.005208333333333
23865,73.0,23865,20,3.65
23910,405.0,23910,110,3.6818181818181817
23947,235.0,23947,65,3.6153846153846154
23953,219.5,23953,55,3.9909090909090907
23988,1040.0,23988,283,3.674911660777385
24014,55.0,24014,15,3.6666666666666665
24026,13.5,24026,3,4.5
24039,397.0,24039,100,3.97
24072,570.5,24072,126,4.527777777777778
24104,491.0,24104,115,4.269565217391304
24132,161.0,24132,48,3.3541666666666665
24171,506.5,24171,131,3.866412213740458
24221,661.0,24221,194,3.4072164948453607
24230,747.0,24230,213,3.507042253521127
24231,493.0,24231,120,4.108333333333333
24234,1025.5,24234,275,3.729090909090909
24240,1061.0,24240,306,3.4673202614379086
24263,509.5,24263,132,3.859848484848485
24386,19.5,24386,5,3.9
24423,150.5,24423,42,3.5833333333333335
24476,605.0,24476,169,3.5798816568047336
24495,1244.0,24495,329,3.7811550151975686
24515,1063.0,24515,290,3.6655172413793102
24517,1181.5,24517,322,3.669254658385093
24560,833.0,24560,233,3.575107296137339
24573,405.0,24573,119,3.403361344537815
24592,533.5,24592,152,3.5098684210526314
24653,428.5,24653,121,3.541322314049587
24668,576.0,24668,230,2.5043478260869567
24695,1446.5,24695,334,4.330838323353293
24708,1096.0,24708,314,3.4904458598726116
24793,269.0,24793,104,2.5865384615384617
24885,254.5,24885,74,3.439189189189189
24929,449.5,24929,121,3.7148760330578514
24954,517.5,24954,128,4.04296875
25007,1136.0,25007,299,3.79933110367893
25038,902.5,25038,273,3.3058608058608057
25055,544.5,25055,147,3.704081632653061
25097,127.0,25097,34,3.735294117647059
25122,166.5,25122,49,3.3979591836734695
25197,662.5,25197,182,3.64010989010989
25244,273.5,25244,103,2.6553398058252426
25248,764.0,25248,213,3.5868544600938965
25286,336.0,25286,89,3.7752808988764044
25359,558.5,25359,169,3.304733727810651
25388,40.0,25388,10,4.0
25408,1196.5,25408,321,3.7274143302180685
25411,880.5,25411,225,3.9133333333333336
25412,817.0,25412,216,3.7824074074074074
25570,306.0,25570,81,3.7777777777777777
25649,607.0,25649,175,3.4685714285714284
25679,643.0,25679,170,3.7823529411764705
25686,842.5,25686,229,3.6790393013100435
25712,391.5,25712,130,3.0115384615384615
25723,678.0,25723,180,3.7666666666666666
25730,503.0,25730,135,3.725925925925926
25752,237.0,25752,70,3.3857142857142857
25801,432.5,25801,119,3.634453781512605
25831,118.0,25831,30,3.933333333333333
25867,627.5,25867,155,4.048387096774194
25887,971.0,25887,256,3.79296875
25889,849.0,25889,282,3.0106382978723403
25907,906.0,25907,281,3.224199288256228
25913,621.5,25913,149,4.171140939597316
25915,830.5,25915,214,3.880841121495327
25976,98.5,25976,24,4.104166666666667
26007,845.5,26007,240,3.5229166666666667
26048,170.0,26048,42,4.0476190476190474
26116,865.0,26116,247,3.5020242914979756
26136,273.0,26136,59,4.627118644067797
26138,184.0,26138,56,3.2857142857142856
26152,902.5,26152,233,3.8733905579399144
26154,12.0,26154,3,4.0
26242,789.5,26242,208,3.795673076923077
26243,153.0,26243,41,3.731707317073171
26316,255.0,26316,68,3.75
26356,80.5,26356,24,3.3541666666666665
26487,213.5,26487,56,3.8125
26528,1041.5,26528,273,3.8150183150183152
26582,65.0,26582,15,4.333333333333333
26589,1027.5,26589,258,3.9825581395348837
26617,528.0,26617,162,3.259259259259259
26624,133.5,26624,50,2.67
26674,1183.0,26674,310,3.8161290322580643
26692,593.0,26692,156,3.801282051282051
26704,98.5,26704,23,4.282608695652174
26733,40.0,26733,14,2.857142857142857
26734,450.5,26734,101,4.46039603960396
26738,1225.5,26738,285,4.3
26740,77.5,26740,17,4.5588235294117645
26765,63.5,26765,17,3.735294117647059
26819,20.0,26819,6,3.3333333333333335
26873,44.0,26873,14,3.142857142857143
26920,1004.0,26920,264,3.803030303030303
26964,70.5,26964,21,3.357142857142857
26987,440.0,26987,116,3.793103448275862
27072,1107.0,27072,287,3.857142857142857
27089,15.0,27089,3,5.0
27112,825.0,27112,212,3.891509433962264
27115,924.5,27115,245,3.773469387755102
27152,1053.0,27152,281,3.7473309608540926
27164,1148.5,27164,318,3.611635220125786
27238,316.0,27238,74,4.27027027027027
27297,40.5,27297,9,4.5
27302,574.5,27302,165,3.481818181818182
27306,214.5,27306,65,3.3
27313,980.5,27313,272,3.604779411764706
27350,277.0,27350,66,4.196969696969697
27363,803.5,27363,202,3.977722772277228
27464,94.5,27464,29,3.2586206896551726
27620,150.5,27620,38,3.960526315789474
27626,142.0,27626,37,3.8378378378378377
27648,239.0,27648,60,3.9833333333333334
27662,856.5,27662,235,3.6446808510638298
27685,1117.0,27685,278,4.017985611510792
27713,685.0,27713,185,3.7027027027027026
27743,273.0,27743,76,3.5921052631578947
27773,307.0,27773,83,3.6987951807228914
27778,456.0,27778,150,3.04
27935,17.5,27935,4,4.375
27947,35.0,27947,11,3.1818181818181817
27951,847.5,27951,227,3.7334801762114536
28001,443.5,28001,118,3.7584745762711864
28039,445.5,28039,119,3.7436974789915967
28048,321.0,28048,85,3.776470588235294
28082,866.0,28082,280,3.092857142857143
28101,157.5,28101,37,4.256756756756757
28105,1187.5,28105,351,3.383190883190883
28122,539.0,28122,119,4.529411764705882
28129,7.0,28129,2,3.5
28180,27.5,28180,6,4.583333333333333
28199,964.0,28199,228,4.228070175438597
28292,30.5,28292,11,2.772727272727273
28299,49.0,28299,15,3.2666666666666666
28317,464.5,28317,139,3.341726618705036
28342,383.5,28342,91,4.214285714285714
28350,685.5,28350,205,3.34390243902439
28384,715.0,28384,199,3.592964824120603
28452,461.5,28452,137,3.3686131386861313
28492,688.0,28492,171,4.023391812865497
28496,551.0,28496,132,4.174242424242424
28508,382.5,28508,114,3.3552631578947367
28521,573.5,28521,155,3.7
28581,197.5,28581,49,4.030612244897959
28642,351.5,28642,98,3.586734693877551
28645,972.5,28645,259,3.7548262548262548
28653,563.0,28653,178,3.162921348314607
28665,1187.0,28665,328,3.6189024390243905
28798,403.0,28798,113,3.566371681415929
28830,156.0,28830,36,4.333333333333333
28842,65.5,28842,19,3.4473684210526314
28855,1143.0,28855,275,4.156363636363636
28875,811.5,28875,236,3.4385593220338984
28962,632.0,28962,191,3.3089005235602094
29061,954.5,29061,306,3.119281045751634
29202,935.5,29202,316,2.9604430379746836
29343,1050.5,29343,257,4.087548638132295
29369,847.0,29369,233,3.6351931330472103
29401,694.5,29401,181,3.8370165745856353
29421,385.5,29421,147,2.622448979591837
29435,371.0,29435,101,3.6732673267326734
29442,1058.0,29442,292,3.6232876712328768
29501,786.0,29501,228,3.4473684210526314
29508,309.0,29508,86,3.5930232558139537
29538,464.0,29538,145,3.2
29592,373.0,29592,117,3.1880341880341883
29616,101.0,29616,29,3.4827586206896552
29658,1075.5,29658,291,3.695876288659794
29680,387.5,29680,103,3.762135922330097
29727,161.0,29727,43,3.744186046511628
29801,1056.5,29801,270,3.912962962962963
29892,1352.5,29892,350,3.8642857142857143
29942,773.5,29942,205,3.773170731707317
29947,701.5,29947,183,3.8333333333333335
29948,157.0,29948,44,3.5681818181818183
29985,407.5,29985,105,3.880952380952381
30049,102.5,30049,26,3.9423076923076925
30139,707.0,30139,201,3.517412935323383
30167,803.0,30167,249,3.2248995983935744
30174,432.0,30174,114,3.789473684210526
30210,194.0,30210,61,3.180327868852459
30225,150.0,30225,48,3.125
30274,913.5,30274,243,3.759259259259259
30275,1163.0,30275,280,4.1535714285714285
30286,694.0,30286,169,4.106508875739645
30465,580.5,30465,182,3.1895604395604398
30490,75.0,30490,19,3.9473684210526314
30491,151.5,30491,34,4.455882352941177
30500,1409.0,30500,366,3.849726775956284
30547,258.5,30547,73,3.541095890410959
30613,590.5,30613,190,3.107894736842105
30627,639.0,30627,179,3.569832402234637
30687,1232.0,30687,345,3.571014492753623
30836,57.0,30836,15,3.8
30840,766.5,30840,288,2.6614583333333335
30846,1196.5,30846,319,3.750783699059561
30849,74.0,30849,15,4.933333333333334
30864,993.5,30864,284,3.4982394366197185
30879,628.0,30879,168,3.738095238095238
30886,719.5,30886,189,3.806878306878307
30897,601.5,30897,195,3.0846153846153848
30938,198.5,30938,53,3.7452830188679247
30950,918.0,30950,274,3.3503649635036497
30972,471.0,30972,126,3.738095238095238
30977,1303.5,30977,295,4.418644067796611
30980,196.5,30980,51,3.8529411764705883
31040,228.5,31040,58,3.939655172413793
31088,111.0,31088,30,3.7
31098,49.5,31098,13,3.8076923076923075
31104,648.0,31104,194,3.3402061855670104
31156,14.5,31156,8,1.8125
31170,523.0,31170,172,3.0406976744186047
31175,1060.0,31175,282,3.7588652482269502
31179,636.0,31179,214,2.97196261682243
31193,602.5,31193,172,3.502906976744186
31209,287.5,31209,75,3.8333333333333335
31221,578.5,31221,149,3.88255033557047
31296,497.5,31296,141,3.528368794326241
31309,277.0,31309,68,4.073529411764706
31317,162.5,31317,40,4.0625
31375,815.0,31375,205,3.975609756097561
31468,973.5,31468,267,3.646067415730337
31523,704.5,31523,259,2.72007722007722
31682,476.0,31682,132,3.606060606060606
31784,726.5,31784,192,3.7838541666666665
31786,729.0,31786,218,3.3440366972477062
31789,367.5,31789,106,3.4669811320754715
31813,345.0,31813,102,3.3823529411764706
31820,532.0,31820,154,3.4545454545454546
31854,1396.0,31854,352,3.965909090909091
31879,28.0,31879,7,4.0
31911,71.0,31911,20,3.55
31937,881.5,31937,217,4.06221198156682
31949,102.0,31949,30,3.4
32011,735.0,32011,182,4.038461538461538
32021,520.0,32021,127,4.094488188976378
32031,206.0,32031,53,3.8867924528301887
32035,962.0,32035,284,3.387323943661972
32195,9.0,32195,2,4.5
32283,1150.0,32283,307,3.745928338762215
32293,1053.0,32293,279,3.774193548387097
32294,1148.5,32294,306,3.753267973856209
32299,166.5,32299,47,3.5425531914893615
32308,509.0,32308,232,2.1939655172413794
32357,638.0,32357,167,3.820359281437126
32369,544.0,32369,140,3.8857142857142857
32406,375.5,32406,102,3.6813725490196076
32411,750.5,32411,217,3.4585253456221197
32412,612.0,32412,156,3.923076923076923
32445,432.5,32445,130,3.326923076923077
32508,614.5,32508,168,3.6577380952380953
32512,302.0,32512,81,3.728395061728395
32521,71.0,32521,19,3.736842105263158
32536,1116.5,32536,271,4.119926199261992
32538,1169.0,32538,313,3.7348242811501597
32634,518.0,32634,154,3.3636363636363638
32656,512.0,32656,130,3.9384615384615387
32663,26.5,32663,8,3.3125
32736,396.5,32736,112,3.5401785714285716
32747,352.5,32747,88,4.005681818181818
32791,1023.0,32791,282,3.627659574468085
32831,37.0,32831,13,2.8461538461538463
32861,206.5,32861,56,3.6875
32919,340.5,32919,99,3.4393939393939394
32931,284.5,32931,87,3.2701149425287355
32997,517.5,32997,154,3.3603896103896105
33008,95.0,33008,23,4.130434782608695
33052,502.5,33052,141,3.5638297872340425
33126,275.0,33126,70,3.9285714285714284
33139,1090.5,33139,289,3.773356401384083
33141,523.0,33141,130,4.023076923076923
33171,182.5,33171,46,3.967391304347826
33202,543.5,33202,159,3.4182389937106916
33222,179.0,33222,49,3.6530612244897958
33238,776.5,33238,199,3.9020100502512562
33240,116.5,33240,28,4.160714285714286
33251,859.0,33251,205,4.190243902439025
33285,1077.0,33285,273,3.9450549450549453
33349,1113.0,33349,310,3.5903225806451613
33384,596.0,33384,197,3.0253807106598987
33477,526.5,33477,186,2.8306451612903225
33481,62.0,33481,16,3.875
33522,180.0,33522,42,4.285714285714286
33528,939.5,33528,222,4.231981981981982
33577,991.0,33577,263,3.7680608365019013
33579,328.5,33579,84,3.9107142857142856
33764,268.5,33764,67,4.007462686567164
33770,50.5,33770,11,4.590909090909091
33780,958.0,33780,259,3.698841698841699
33784,1012.5,33784,266,3.806390977443609
33797,112.5,33797,27,4.166666666666667
33843,821.5,33843,254,3.234251968503937
33866,320.5,33866,127,2.5236220472440944
33880,981.0,33880,299,3.280936454849498
33943,695.5,33943,172,4.0436046511627906
33994,369.5,33994,94,3.9308510638297873
34101,755.5,34101,196,3.854591836734694
34145,248.0,34145,86,2.883720930232558
34157,206.5,34157,81,2.549382716049383
34196,460.0,34196,124,3.7096774193548385
34197,793.0,34197,276,2.8731884057971016
34225,704.0,34225,224,3.142857142857143
34226,553.0,34226,180,3.0722222222222224
34295,709.5,34295,174,4.077586206896552
34329,789.0,34329,231,3.4155844155844157
34334,331.5,34334,96,3.453125
34368,786.0,34368,202,3.891089108910891
34374,19.0,34374,5,3.8
34384,787.5,34384,212,3.714622641509434
34405,481.5,34405,132,3.647727272727273
34420,552.5,34420,130,4.25
34579,757.0,34579,195,3.882051282051282
34671,961.0,34671,307,3.1302931596091206
34680,1047.0,34680,299,3.5016722408026757
34687,647.5,34687,221,2.929864253393665
34704,206.0,34704,54,3.814814814814815
34713,169.5,34713,48,3.53125
34740,467.0,34740,120,3.8916666666666666
34755,818.0,34755,211,3.876777251184834
34765,282.5,34765,79,3.5759493670886076
34783,932.5,34783,253,3.685770750988142
34796,552.5,34796,152,3.6348684210526314
34857,886.5,34857,224,3.9575892857142856
34881,430.5,34881,100,4.305
34906,427.5,34906,128,3.33984375
34958,993.0,34958,254,3.909448818897638
35002,288.5,35002,84,3.4345238095238093
35051,172.5,35051,56,3.080357142857143
35057,177.0,35057,48,3.6875
35069,106.5,35069,31,3.435483870967742
35105,1101.5,35105,256,4.302734375
35141,160.5,35141,39,4.115384615384615
35160,381.0,35160,84,4.535714285714286
35211,530.0,35211,155,3.4193548387096775
35223,1086.5,35223,281,3.8665480427046264
35272,354.5,35272,92,3.8532608695652173
35335,186.0,35335,49,3.795918367346939
35345,676.0,35345,191,3.5392670157068062
35373,792.0,35373,231,3.4285714285714284
35408,57.0,35408,21,2.7142857142857144
35455,642.5,35455,166,3.8704819277108435
35461,831.0,35461,246,3.3780487804878048
35488,558.5,35488,160,3.490625
35530,21.0,35530,5,4.2
35553,1.0,35553,2,0.5
35568,450.5,35568,126,3.5753968253968256
35601,510.5,35601,138,3.699275362318841
35622,1008.0,35622,255,3.9529411764705884
35660,482.5,35660,125,3.86
35665,80.0,35665,21,3.8095238095238093
35703,91.0,35703,34,2.676470588235294
35779,1042.0,35779,289,3.605536332179931
35785,683.0,35785,198,3.4494949494949494
35814,736.0,35814,260,2.830769230769231
35886,410.0,35886,95,4.315789473684211
35899,1093.5,35899,294,3.7193877551020407
36004,502.5,36004,152,3.3059210526315788
36049,197.0,36049,49,4.020408163265306
36060,618.5,36060,169,3.6597633136094676
36063,779.5,36063,209,3.729665071770335
36082,613.5,36082,172,3.566860465116279
36151,151.5,36151,33,4.590909090909091
36154,281.0,36154,79,3.5569620253164556
36243,108.0,36243,27,4.0
36280,54.0,36280,18,3.0
36286,129.0,36286,30,4.3
36292,641.0,36292,155,4.135483870967742
36294,1065.0,36294,283,3.7632508833922262
36306,604.0,36306,149,4.053691275167785
36347,648.5,36347,184,3.5244565217391304
36450,306.5,36450,73,4.198630136986301
36495,467.0,36495,127,3.677165354330709
36527,66.5,36527,20,3.325
36538,319.5,36538,87,3.6724137931034484
36548,44.5,36548,11,4.045454545454546
36553,679.5,36553,182,3.7335164835164836
36558,562.0,36558,169,3.3254437869822486
36559,754.0,36559,179,4.212290502793296
36600,45.0,36600,11,4.090909090909091
36619,453.5,36619,136,3.3345588235294117
36632,783.5,36632,214,3.661214953271028
36655,166.5,36655,46,3.619565217391304
36659,455.0,36659,112,4.0625
36663,425.5,36663,110,3.868181818181818
36688,143.5,36688,33,4.348484848484849
36719,356.0,36719,100,3.56
36743,335.5,36743,87,3.8563218390804597
36784,373.5,36784,135,2.7666666666666666
36802,817.5,36802,241,3.392116182572614
36803,74.5,36803,16,4.65625
36907,239.5,36907,58,4.129310344827586
36931,739.5,36931,248,2.9818548387096775
36937,707.0,36937,199,3.5527638190954773
36969,172.5,36969,50,3.45
37001,548.0,37001,145,3.779310344827586
37025,466.0,37025,153,3.045751633986928
37037,965.0,37037,281,3.434163701067616
37098,9.0,37098,2,4.5
37195,150.0,37195,41,3.658536585365854
37216,748.5,37216,236,3.1716101694915255
37217,627.5,37217,170,3.6911764705882355
37225,90.0,37225,21,4.285714285714286
37321,375.5,37321,91,4.126373626373627
37419,909.0,37419,261,3.4827586206896552
37528,226.0,37528,60,3.7666666666666666
37568,738.5,37568,200,3.6925
37580,141.0,37580,32,4.40625
37713,392.0,37713,113,3.4690265486725664
37782,306.5,37782,80,3.83125
37786,147.0,37786,36,4.083333333333333
37820,552.5,37820,145,3.810344827586207
37857,696.0,37857,204,3.411764705882353
37882,176.5,37882,38,4.644736842105263
37899,453.5,37899,119,3.810924369747899
37934,857.5,37934,238,3.6029411764705883
37987,331.0,37987,120,2.7583333333333333
38047,557.0,38047,149,3.738255033557047
38093,954.5,38093,244,3.9118852459016393
38111,63.0,38111,16,3.9375
38119,675.0,38119,177,3.8135593220338984
38256,40.0,38256,11,3.6363636363636362
38281,352.0,38281,98,3.5918367346938775
38340,1053.0,38340,310,3.3967741935483873
38348,843.5,38348,214,3.941588785046729
38373,919.5,38373,238,3.8634453781512605
38390,319.0,38390,85,3.7529411764705882
38396,194.5,38396,47,4.138297872340425
38435,713.5,38435,203,3.5147783251231526
38437,774.5,38437,269,2.879182156133829
38527,1069.0,38527,313,3.415335463258786
38646,553.5,38646,156,3.548076923076923
38662,970.5,38662,291,3.3350515463917527
38664,386.0,38664,119,3.2436974789915967
38690,575.5,38690,163,3.5306748466257667
38722,509.5,38722,162,3.1450617283950617
38726,726.5,38726,209,3.4760765550239237
38740,897.0,38740,278,3.226618705035971
38745,342.5,38745,105,3.261904761904762
38765,661.0,38765,172,3.8430232558139537
38801,656.0,38801,228,2.8771929824561404
38875,731.5,38875,223,3.280269058295964
38882,665.0,38882,190,3.5
38889,238.0,38889,58,4.103448275862069
38914,737.0,38914,214,3.44392523364486
38927,320.5,38927,83,3.86144578313253
38934,143.5,38934,38,3.776315789473684
39033,402.0,39033,137,2.934306569343066
39047,463.0,39047,130,3.5615384615384613
39065,424.5,39065,145,2.9275862068965517
39082,244.0,39082,66,3.696969696969697
39156,614.0,39156,158,3.8860759493670884
39177,653.5,39177,196,3.3341836734693877
39262,475.0,39262,113,4.20353982300885
39272,1026.0,39272,254,4.039370078740157
39282,658.5,39282,205,3.2121951219512197
39320,475.0,39320,187,2.5401069518716577
39362,145.0,39362,44,3.2954545454545454
39390,849.0,39390,220,3.859090909090909
39393,441.5,39393,111,3.9774774774774775
39463,589.5,39463,165,3.5727272727272728
39480,369.0,39480,108,3.4166666666666665
39513,818.5,39513,216,3.7893518518518516
39524,507.0,39524,124,4.088709677419355
39594,125.5,39594,28,4.482142857142857
39599,297.0,39599,72,4.125
39607,414.5,39607,126,3.2896825396825395
39608,926.0,39608,256,3.6171875
39617,974.0,39617,262,3.717557251908397
39677,713.5,39677,226,3.1570796460176993
39689,490.5,39689,127,3.8622047244094486
39746,191.0,39746,62,3.0806451612903225
39799,751.5,39799,242,3.105371900826446
39803,185.0,39803,45,4.111111111111111
39861,653.0,39861,172,3.796511627906977
39897,211.5,39897,49,4.316326530612245
39904,354.5,39904,88,4.028409090909091
39935,992.0,39935,227,4.370044052863436
39981,515.0,39981,134,3.843283582089552
39985,468.0,39985,142,3.295774647887324
40003,1061.0,40003,309,3.4336569579288025
40033,189.5,40033,44,4.306818181818182
40101,240.0,40101,61,3.9344262295081966
40136,551.0,40136,145,3.8
40236,147.0,40236,39,3.769230769230769
40260,798.5,40260,222,3.5968468468468466
40282,114.0,40282,29,3.9310344827586206
40284,719.0,40284,180,3.9944444444444445
40328,594.0,40328,180,3.3
40375,519.0,40375,129,4.023255813953488
40421,792.0,40421,227,3.488986784140969
40456,1196.5,40456,320,3.7390625
40457,187.0,40457,60,3.1166666666666667
40465,693.0,40465,206,3.3640776699029127
40512,629.5,40512,165,3.815151515151515
40648,137.0,40648,32,4.28125
40664,609.5,40664,216,2.821759259259259
40703,273.0,40703,65,4.2
40719,267.0,40719,74,3.608108108108108
40737,815.0,40737,223,3.6547085201793723
40743,3.0,40743,1,3.0
40810,61.0,40810,17,3.588235294117647
40826,601.5,40826,172,3.497093023255814
40827,732.5,40827,188,3.896276595744681
40837,1222.0,40837,318,3.842767295597484
40855,482.0,40855,147,3.2789115646258504
40863,151.5,40863,36,4.208333333333333
40872,807.5,40872,237,3.4071729957805905
40895,599.5,40895,143,4.1923076923076925
40930,257.0,40930,63,4.079365079365079
41000,955.0,41000,246,3.8821138211382116
41027,1089.0,41027,285,3.8210526315789473
41066,528.5,41066,140,3.775
41103,540.0,41103,193,2.7979274611398965
41130,839.0,41130,257,3.264591439688716
41154,1448.5,41154,360,4.023611111111111
41178,681.5,41178,161,4.232919254658385
41201,332.5,41201,93,3.575268817204301
41234,716.5,41234,205,3.495121951219512
41258,749.5,41258,232,3.230603448275862
41335,387.5,41335,116,3.3405172413793105
41391,1334.5,41391,326,4.093558282208589
41394,1146.5,41394,272,4.2150735294117645
41443,1053.0,41443,271,3.885608856088561
41464,916.0,41464,252,3.634920634920635
41468,42.0,41468,11,3.8181818181818183
41573,534.5,41573,116,4.607758620689655
41622,93.0,41622,22,4.2272727272727275
41688,295.5,41688,72,4.104166666666667
41726,534.0,41726,138,3.869565217391304
41727,954.5,41727,266,3.588345864661654
41740,252.0,41740,61,4.131147540983607
41822,301.0,41822,92,3.2717391304347827
41838,647.0,41838,184,3.516304347826087
41859,861.5,41859,204,4.223039215686274
41946,35.0,41946,8,4.375
42054,540.5,42054,164,3.2957317073170733
42059,125.0,42059,32,3.90625
42104,925.0,42104,246,3.7601626016260163
42122,455.5,42122,140,3.2535714285714286
42154,1013.0,42154,299,3.387959866220736
42164,479.5,42164,168,2.8541666666666665
42201,348.0,42201,107,3.2523364485981308
42237,376.0,42237,119,3.1596638655462184
42337,59.0,42337,19,3.1052631578947367
42356,18.0,42356,4,4.5
42411,472.0,42411,109,4.330275229357798
42437,103.5,42437,29,3.5689655172413794
42445,314.5,42445,117,2.6880341880341883
42490,401.5,42490,107,3.7523364485981308
42551,827.5,42551,219,3.778538812785388
42552,291.5,42552,76,3.835526315789474
42582,405.5,42582,109,3.720183486238532
42664,549.5,42664,135,4.07037037037037
42688,1000.0,42688,289,3.4602076124567476
42773,510.5,42773,138,3.699275362318841
42789,681.5,42789,181,3.765193370165746
42888,727.0,42888,198,3.6717171717171717
42908,145.0,42908,39,3.717948717948718
42966,511.5,42966,138,3.7065217391304346
43004,664.5,43004,196,3.3903061224489797
43017,223.5,43017,73,3.0616438356164384
43102,814.5,43102,186,4.379032258064516
43108,317.5,43108,80,3.96875
43113,452.5,43113,146,3.0993150684931505
43189,280.5,43189,81,3.462962962962963
43205,361.5,43205,93,3.8870967741935485
43213,1029.0,43213,254,4.051181102362205
43281,1081.5,43281,311,3.477491961414791
43350,249.5,43350,75,3.3266666666666667
43353,766.5,43353,202,3.7945544554455446
43397,103.0,43397,25,4.12
43449,378.5,43449,100,3.785
43501,149.0,43501,36,4.138888888888889
43527,593.5,43527,159,3.7327044025157234
43591,675.0,43591,195,3.4615384615384617
43603,628.5,43603,192,3.2734375
43640,66.5,43640,15,4.433333333333334
43699,1047.5,43699,265,3.952830188679245
43700,555.5,43700,151,3.6788079470198674
43706,1157.0,43706,303,3.8184818481848186
43718,246.0,43718,58,4.241379310344827
43726,1053.0,43726,290,3.6310344827586207
43779,1106.0,43779,292,3.787671232876712
43797,194.0,43797,48,4.041666666666667
43867,89.5,43867,21,4.261904761904762
43883,829.0,43883,215,3.855813953488372
43948,683.0,43948,189,3.613756613756614
43994,122.5,43994,47,2.606382978723404
44038,1030.0,44038,335,3.074626865671642
44041,1127.0,44041,294,3.8333333333333335
44068,780.5,44068,223,3.5
44117,987.5,44117,258,3.8275193798449614
44129,1102.0,44129,286,3.8531468531468533
44157,694.0,44157,187,3.7112299465240643
44264,630.5,44264,197,3.200507614213198
44285,584.0,44285,166,3.5180722891566263
44287,1013.0,44287,264,3.837121212121212
44294,391.5,44294,111,3.527027027027027
44297,513.0,44297,139,3.6906474820143886
44361,1310.0,44361,308,4.253246753246753
44404,156.0,44404,39,4.0
44446,635.0,44446,176,3.6079545454545454
44485,524.0,44485,151,3.4701986754966887
44495,353.0,44495,83,4.253012048192771
44567,598.0,44567,167,3.5808383233532934
44706,811.5,44706,224,3.622767857142857
44730,241.5,44730,69,3.5
44744,96.5,44744,34,2.838235294117647
44847,185.5,44847,46,4.032608695652174
45049,894.5,45049,225,3.9755555555555557
45050,343.5,45050,104,3.3028846153846154
45070,732.5,45070,261,2.8065134099616857
45120,722.0,45120,185,3.902702702702703
45129,462.0,45129,121,3.8181818181818183
45187,212.0,45187,57,3.719298245614035
45220,485.0,45220,142,3.415492957746479
45236,199.5,45236,52,3.8365384615384617
45257,1136.5,45257,290,3.918965517241379
45277,542.0,45277,152,3.5657894736842106
45286,471.5,45286,143,3.297202797202797
45290,549.5,45290,173,3.1763005780346822
45314,228.5,45314,61,3.7459016393442623
45356,172.0,45356,54,3.185185185185185
45478,1341.5,45478,320,4.1921875
45583,194.5,45583,51,3.8137254901960786
45586,192.5,45586,46,4.184782608695652
45642,75.0,45642,25,3.0
45656,189.0,45656,46,4.108695652173913
45881,212.0,45881,56,3.7857142857142856
45938,107.0,45938,24,4.458333333333333
45987,1141.0,45987,311,3.6688102893890675
46033,932.5,46033,252,3.7003968253968256
46085,758.5,46085,214,3.544392523364486
46116,94.0,46116,27,3.4814814814814814
46126,79.5,46126,22,3.6136363636363638
46257,517.5,46257,179,2.8910614525139664
46272,436.5,46272,127,3.437007874015748
46369,570.0,46369,130,4.384615384615385
46407,260.5,46407,59,4.415254237288136
46441,629.5,46441,174,3.617816091954023
46449,80.5,46449,20,4.025
46494,786.0,46494,225,3.493333333333333
46523,622.5,46523,160,3.890625
46536,558.5,46536,157,3.5573248407643314
46586,163.0,46586,40,4.075
46603,777.0,46603,206,3.7718446601941746
46624,69.0,46624,17,4.0588235294117645
46640,292.5,46640,79,3.7025316455696204
46641,592.0,46641,149,3.9731543624161074
46655,442.5,46655,133,3.327067669172932
46656,1378.0,46656,351,3.925925925925926
46672,349.5,46672,99,3.5303030303030303
46695,999.5,46695,280,3.569642857142857
46754,1034.5,46754,253,4.08893280632411
46762,582.5,46762,148,3.935810810810811
46786,548.5,46786,175,3.1342857142857143
46804,231.5,46804,64,3.6171875
46840,742.5,46840,169,4.393491124260355
46890,843.5,46890,224,3.765625
46964,238.5,46964,59,4.0423728813559325
46979,799.5,46979,228,3.5065789473684212
46985,13.0,46985,3,4.333333333333333
47002,381.0,47002,111,3.4324324324324325
47040,1055.5,47040,292,3.61472602739726
47065,787.0,47065,234,3.3632478632478633
47104,331.0,47104,78,4.243589743589744
47165,503.0,47165,137,3.6715328467153285
47179,589.5,47179,133,4.432330827067669
47249,612.5,47249,182,3.3653846153846154
47267,353.0,47267,87,4.057471264367816
47302,349.0,47302,112,3.1160714285714284
47384,852.0,47384,197,4.324873096446701
47398,436.0,47398,106,4.113207547169812
47438,953.5,47438,266,3.5845864661654137
47448,905.0,47448,255,3.549019607843137
47526,333.5,47526,97,3.4381443298969074
47592,901.5,47592,238,3.78781512605042
47613,1429.0,47613,365,3.915068493150685
47677,626.0,47677,149,4.201342281879195
47711,410.5,47711,132,3.109848484848485
47717,298.5,47717,77,3.8766233766233764
47719,372.5,47719,98,3.8010204081632653
47768,200.0,47768,51,3.9215686274509802
47780,286.0,47780,73,3.9178082191780823
47800,462.5,47800,120,3.8541666666666665
47911,841.5,47911,225,3.74
47933,446.5,47933,106,4.212264150943396
47999,521.0,47999,150,3.473333333333333
48006,241.5,48006,72,3.3541666666666665
48011,299.5,48011,75,3.993333333333333
48038,23.0,48038,5,4.6
48052,212.5,48052,55,3.8636363636363638
48076,34.0,48076,9,3.7777777777777777
48117,311.0,48117,82,3.792682926829268
48128,537.5,48128,130,4.134615384615385
48167,288.0,48167,81,3.5555555555555554
48280,12.0,48280,3,4.0
48290,166.0,48290,52,3.1923076923076925
48316,381.5,48316,107,3.5654205607476634
48326,579.5,48326,177,3.274011299435028
48337,476.0,48337,126,3.7777777777777777
48357,649.5,48357,152,4.2730263157894735
48370,706.0,48370,186,3.795698924731183
48395,106.5,48395,22,4.840909090909091
48454,306.5,48454,108,2.837962962962963
48506,628.0,48506,190,3.305263157894737
48534,813.0,48534,231,3.5194805194805197
48641,157.5,48641,36,4.375
48674,58.0,48674,16,3.625
48717,1149.5,48717,292,3.9366438356164384
48726,411.5,48726,177,2.324858757062147
48743,970.5,48743,271,3.581180811808118
48776,739.5,48776,170,4.35
48802,868.5,48802,235,3.695744680851064
48803,69.0,48803,18,3.8333333333333335
48856,224.5,48856,93,2.413978494623656
48911,129.5,48911,29,4.4655172413793105
48919,1164.5,48919,298,3.9077181208053693
48920,992.5,48920,242,4.101239669421488
48933,952.5,48933,260,3.6634615384615383
49032,433.5,49032,116,3.7370689655172415
49065,713.0,49065,186,3.8333333333333335
49143,337.5,49143,93,3.629032258064516
49148,222.0,49148,49,4.530612244897959
49236,793.5,49236,254,3.124015748031496
49265,538.5,49265,173,3.11271676300578
49270,524.5,49270,152,3.450657894736842
49308,224.0,49308,58,3.8620689655172415
49334,82.0,49334,20,4.1
49361,47.0,49361,12,3.9166666666666665
49365,243.5,49365,59,4.127118644067797
49370,166.5,49370,45,3.7
49383,275.5,49383,81,3.4012345679012346
49527,977.0,49527,272,3.5919117647058822
49582,477.0,49582,141,3.382978723404255
49606,697.0,49606,181,3.850828729281768
49626,345.5,49626,85,4.064705882352941
49696,207.0,49696,44,4.704545454545454
49838,244.5,49838,62,3.943548387096774
49879,222.5,49879,68,3.2720588235294117
49913,1356.0,49913,330,4.109090909090909
49935,294.0,49935,78,3.769230769230769
49996,705.5,49996,178,3.9634831460674156
50041,1137.0,50041,317,3.586750788643533
50156,425.0,50156,95,4.473684210526316
50160,811.0,50160,229,3.541484716157205
50265,1096.0,50265,286,3.832167832167832
50295,659.0,50295,169,3.899408284023669
50324,363.5,50324,91,3.9945054945054945
50377,148.5,50377,41,3.6219512195121952
50383,836.5,50383,211,3.9644549763033177
50464,14.0,50464,3,4.666666666666667
50510,605.5,50510,232,2.6099137931034484
50533,745.0,50533,221,3.3710407239819005
50543,597.0,50543,175,3.4114285714285715
50604,388.0,50604,91,4.263736263736264
50606,656.5,50606,185,3.5486486486486486
50607,222.0,50607,63,3.5238095238095237
50670,1102.5,50670,252,4.375
50695,907.5,50695,249,3.644578313253012
50733,477.0,50733,140,3.407142857142857
50783,450.0,50783,146,3.0821917808219177
50818,117.0,50818,27,4.333333333333333
50846,769.5,50846,225,3.42
50847,81.0,50847,24,3.375
50888,315.0,50888,81,3.888888888888889
50893,954.0,50893,266,3.5864661654135337
50949,674.5,50949,168,4.0148809523809526
50970,569.0,50970,162,3.5123456790123457
50992,1132.0,50992,301,3.7607973421926912
51021,295.5,51021,76,3.888157894736842
51025,473.0,51025,127,3.7244094488188977
51033,1046.5,51033,277,3.7779783393501805
51045,126.0,51045,32,3.9375
51086,85.5,51086,19,4.5
51167,690.5,51167,170,4.061764705882353
51168,317.5,51168,80,3.96875
51191,580.0,51191,142,4.084507042253521
51198,555.5,51198,133,4.176691729323308
51213,522.5,51213,132,3.9583333333333335
51218,740.5,51218,192,3.8567708333333335
51230,328.0,51230,108,3.037037037037037
51232,610.0,51232,153,3.9869281045751634
51284,935.5,51284,234,3.997863247863248
51301,123.5,51301,30,4.116666666666666
51333,256.0,51333,60,4.266666666666667
51336,519.0,51336,137,3.7883211678832116
51361,163.0,51361,38,4.2894736842105265
51373,915.0,51373,240,3.8125
51378,363.5,51378,93,3.9086021505376345
51441,500.5,51441,158,3.1677215189873418
51448,798.5,51448,202,3.952970297029703
51466,360.0,51466,102,3.5294117647058822
51494,698.5,51494,186,3.7553763440860215
51499,1016.0,51499,248,4.096774193548387
51527,57.5,51527,13,4.423076923076923
51603,798.5,51603,239,3.3410041841004183
51615,440.0,51615,111,3.963963963963964
51673,978.0,51673,303,3.227722772277228
51687,940.0,51687,257,3.657587548638132
51692,782.0,51692,208,3.7596153846153846
51699,57.5,51699,15,3.8333333333333335
51707,658.0,51707,199,3.306532663316583
51761,520.0,51761,174,2.9885057471264367
51832,225.0,51832,57,3.9473684210526314
51901,669.5,51901,221,3.0294117647058822
51954,1004.5,51954,288,3.4878472222222223
51972,812.5,51972,246,3.3028455284552845
52000,651.0,52000,170,3.8294117647058825
52004,700.5,52004,212,3.3042452830188678
52021,600.5,52021,141,4.25886524822695
52076,375.5,52076,99,3.792929292929293
52129,963.5,52129,306,3.1486928104575163
52136,715.0,52136,174,4.109195402298851
52147,233.0,52147,59,3.9491525423728815
52180,23.0,52180,6,3.8333333333333335
52235,140.0,52235,36,3.888888888888889
52298,271.5,52298,62,4.379032258064516
52305,767.5,52305,236,3.2521186440677967
52328,1277.5,52328,326,3.918711656441718
52364,314.0,52364,80,3.925
52365,739.0,52365,195,3.7897435897435896
52379,444.0,52379,104,4.269230769230769
52427,349.5,52427,108,3.236111111111111
52459,171.0,52459,49,3.489795918367347
52481,743.0,52481,173,4.294797687861272
52510,569.5,52510,154,3.698051948051948
52572,554.5,52572,148,3.7466216216216215
52576,493.5,52576,140,3.525
52580,744.5,52580,213,3.495305164319249
52591,497.5,52591,129,3.856589147286822
52592,451.0,52592,129,3.496124031007752
52610,1266.5,52610,308,4.112012987012987
52648,508.5,52648,126,4.035714285714286
52678,313.5,52678,80,3.91875
52707,143.5,52707,34,4.220588235294118
52722,839.0,52722,284,2.954225352112676
52751,835.0,52751,211,3.957345971563981
52806,418.5,52806,111,3.77027027027027
52827,836.5,52827,240,3.4854166666666666
52834,1107.0,52834,283,3.911660777385159
52870,22.0,52870,5,4.4
52882,171.0,52882,39,4.384615384615385
52906,605.0,52906,167,3.622754491017964
52961,448.5,52961,125,3.588
52983,1058.0,52983,275,3.847272727272727
53022,69.0,53022,19,3.6315789473684212
53042,517.5,53042,124,4.173387096774194
53045,965.0,53045,235,4.1063829787234045
53059,28.5,53059,8,3.5625
53192,155.0,53192,32,4.84375
53241,951.5,53241,259,3.6737451737451736
53315,1032.0,53315,315,3.276190476190476
53379,574.0,53379,161,3.5652173913043477
53382,480.5,53382,154,3.1201298701298703
53429,358.0,53429,83,4.313253012048193
53558,327.5,53558,85,3.8529411764705883
53565,785.0,53565,275,2.8545454545454545
53610,816.0,53610,241,3.3858921161825726
53849,52.0,53849,12,4.333333333333333
53859,297.0,53859,81,3.6666666666666665
53996,154.0,53996,44,3.5
54017,242.5,54017,68,3.5661764705882355
54060,34.5,54060,10,3.45
54066,322.0,54066,82,3.926829268292683
54087,773.0,54087,201,3.845771144278607
54113,870.0,54113,215,4.046511627906977
54129,94.0,54129,24,3.9166666666666665
54142,51.0,54142,15,3.4
54152,464.5,54152,145,3.203448275862069
54193,78.5,54193,17,4.617647058823529
54217,223.5,54217,69,3.239130434782609
54250,4.0,54250,1,4.0
54262,308.0,54262,78,3.948717948717949
54274,408.5,54274,111,3.68018018018018
54316,537.0,54316,131,4.099236641221374
54371,388.0,54371,91,4.263736263736264
54376,307.0,54376,88,3.4886363636363638
54503,521.0,54503,141,3.6950354609929077
54528,132.0,54528,35,3.7714285714285714
54650,333.0,54650,98,3.3979591836734695
54716,388.0,54716,107,3.6261682242990654
54730,586.5,54730,157,3.7356687898089174
54767,1169.5,54767,307,3.8094462540716614
54786,237.5,54786,59,4.02542372881356
54817,196.0,54817,52,3.769230769230769
54876,260.0,54876,75,3.466666666666667
54980,339.0,54980,115,2.9478260869565216
55113,218.5,55113,64,3.4140625
55124,62.5,55124,14,4.464285714285714
55193,714.0,55193,199,3.5879396984924625
55197,12.0,55197,4,3.0
55211,593.5,55211,182,3.260989010989011
55236,589.5,55236,159,3.707547169811321
55277,27.5,55277,7,3.9285714285714284
55280,674.0,55280,212,3.1792452830188678
55290,19.0,55290,6,3.1666666666666665
55315,511.0,55315,151,3.384105960264901
55327,136.0,55327,34,4.0
55403,282.5,55403,89,3.1741573033707864
55414,932.0,55414,241,3.867219917012448
55468,714.0,55468,181,3.9447513812154695
55491,411.0,55491,105,3.914285714285714
55560,1063.5,55560,281,3.784697508896797
55590,374.5,55590,114,3.2850877192982457
55620,712.5,55620,225,3.1666666666666665
55645,105.0,55645,27,3.888888888888889
55699,350.5,55699,129,2.7170542635658914
55737,349.5,55737,101,3.4603960396039604
55762,267.0,55762,69,3.869565217391304
55790,865.0,55790,220,3.9318181818181817
55840,1019.0,55840,307,3.3192182410423454
55841,292.0,55841,78,3.7435897435897436
55865,176.5,55865,55,3.209090909090909
55899,269.0,55899,99,2.717171717171717
55909,216.5,55909,46,4.706521739130435
55935,835.0,55935,232,3.5991379310344827
55936,838.0,55936,215,3.8976744186046512
55992,932.5,55992,231,4.036796536796537
56016,288.0,56016,72,4.0
56030,887.0,56030,258,3.437984496124031
56044,578.0,56044,155,3.729032258064516
56091,1185.5,56091,336,3.5282738095238093
56124,368.0,56124,113,3.256637168141593
56147,653.0,56147,164,3.981707317073171
56200,51.5,56200,14,3.6785714285714284
56281,65.5,56281,16,4.09375
56345,306.5,56345,82,3.7378048780487805
56354,508.5,56354,131,3.881679389312977
56472,125.0,56472,29,4.310344827586207
56535,832.0,56535,257,3.237354085603113
56561,484.5,56561,138,3.510869565217391
56596,250.0,56596,69,3.6231884057971016
56620,889.5,56620,224,3.970982142857143
56669,72.0,56669,20,3.6
56686,1009.0,56686,235,4.293617021276596
56758,751.0,56758,198,3.792929292929293
56811,42.5,56811,13,3.269230769230769
56896,752.5,56896,213,3.532863849765258
56915,858.0,56915,286,3.0
56950,308.0,56950,84,3.6666666666666665
56959,50.0,56959,16,3.125
57010,567.0,57010,135,4.2
57018,862.5,57018,282,3.0585106382978724
57022,805.0,57022,240,3.3541666666666665
57035,584.0,57035,150,3.8933333333333335
57050,164.0,57050,44,3.727272727272727
57082,483.0,57082,180,2.683333333333333
57097,477.5,57097,122,3.9139344262295084
57120,969.0,57120,264,3.6704545454545454
57127,116.5,57127,25,4.66
57138,746.0,57138,186,4.010752688172043
57249,440.5,57249,109,4.041284403669724
57274,546.5,57274,141,3.875886524822695
57380,188.5,57380,46,4.0978260869565215
57420,617.0,57420,221,2.7918552036199094
57464,62.0,57464,16,3.875
57475,644.0,57475,201,3.2039800995024876
57512,554.5,57512,160,3.465625
57606,1051.5,57606,254,4.139763779527559
57620,24.5,57620,8,3.0625
57637,545.5,57637,162,3.367283950617284
57696,573.0,57696,153,3.7450980392156863
57782,194.5,57782,47,4.138297872340425
57835,1000.5,57835,276,3.625
57912,534.0,57912,131,4.076335877862595
57928,621.0,57928,159,3.9056603773584904
57973,350.5,57973,97,3.61340206185567
57977,517.0,57977,155,3.335483870967742
58001,64.5,58001,17,3.7941176470588234
58019,170.0,58019,41,4.146341463414634
58087,1221.5,58087,296,4.1266891891891895
58089,351.5,58089,112,3.138392857142857
58160,287.5,58160,101,2.8465346534653464
58174,1013.5,58174,262,3.868320610687023
58203,528.0,58203,134,3.9402985074626864
58417,122.0,58417,43,2.8372093023255816
58470,903.5,58470,248,3.6431451612903225
58554,283.0,58554,77,3.675324675324675
58561,476.5,58561,123,3.8739837398373984
58567,412.5,58567,95,4.342105263157895
58577,220.0,58577,63,3.492063492063492
58600,47.0,58600,11,4.2727272727272725
58601,79.5,58601,18,4.416666666666667
58604,413.0,58604,114,3.6228070175438596
58613,386.0,58613,80,4.825
58657,644.5,58657,191,3.3743455497382198
58686,65.5,58686,18,3.638888888888889
58693,282.0,58693,64,4.40625
58709,1011.5,58709,260,3.8903846153846153
58747,718.5,58747,196,3.6658163265306123
58763,730.0,58763,200,3.65
58842,143.0,58842,36,3.9722222222222223
58846,267.0,58846,61,4.377049180327869
58895,333.5,58895,100,3.335
59012,129.0,59012,34,3.7941176470588234
59050,313.5,59050,107,2.9299065420560746
59078,678.5,59078,249,2.7248995983935744
59082,682.0,59082,217,3.142857142857143
59086,272.0,59086,86,3.1627906976744184
59092,877.0,59092,246,3.565040650406504
59148,463.0,59148,118,3.9237288135593222
59165,314.0,59165,80,3.925
59182,412.0,59182,100,4.12
59219,535.0,59219,158,3.3860759493670884
59299,143.0,59299,36,3.9722222222222223
59311,564.0,59311,170,3.3176470588235296
59327,623.5,59327,186,3.3521505376344085
59349,75.0,59349,17,4.411764705882353
59355,734.5,59355,202,3.636138613861386
59358,125.5,59358,34,3.6911764705882355
59389,59.0,59389,17,3.4705882352941178
59390,811.5,59390,232,3.497844827586207
59401,880.5,59401,223,3.9484304932735426
59433,330.0,59433,81,4.074074074074074
59444,264.5,59444,67,3.9477611940298507
59462,545.0,59462,141,3.8652482269503547
59468,551.0,59468,148,3.722972972972973
59474,398.5,59474,91,4.3791208791208796
59496,19.0,59496,10,1.9
59499,821.0,59499,261,3.1455938697318007
59527,306.5,59527,79,3.8797468354430378
59529,833.0,59529,243,3.42798353909465
59557,315.0,59557,83,3.7951807228915664
59577,1245.5,59577,276,4.51268115942029
59677,202.0,59677,52,3.8846153846153846
59686,762.5,59686,192,3.9713541666666665
59708,271.0,59708,71,3.816901408450704
59750,475.5,59750,119,3.995798319327731
59771,755.5,59771,202,3.74009900990099
59889,114.0,59889,26,4.384615384615385
59894,213.5,59894,52,4.105769230769231
59995,15.0,59995,9,1.6666666666666667
59999,438.5,59999,97,4.520618556701031
60002,187.5,60002,51,3.676470588235294
60051,100.0,60051,23,4.3478260869565215
60072,373.0,60072,105,3.552380952380952
60158,1013.0,60158,278,3.643884892086331
60166,886.5,60166,235,3.772340425531915
60170,1035.5,60170,274,3.7791970802919708
60182,281.0,60182,145,1.9379310344827587
60190,145.0,60190,41,3.5365853658536586
60195,560.0,60195,170,3.2941176470588234
60229,50.0,60229,13,3.8461538461538463
60259,92.5,60259,22,4.204545454545454
60296,738.5,60296,193,3.826424870466321
60303,425.5,60303,114,3.732456140350877
60307,525.5,60307,179,2.935754189944134
60316,1239.0,60316,306,4.049019607843137
60319,710.5,60319,201,3.5348258706467663
60323,282.5,60323,73,3.8698630136986303
60325,85.0,60325,22,3.8636363636363638
60331,790.5,60331,203,3.894088669950739
60334,27.0,60334,10,2.7
60374,904.0,60374,258,3.503875968992248
60450,368.5,60450,128,2.87890625
60510,81.0,60510,19,4.2631578947368425
60515,97.0,60515,29,3.3448275862068964
60556,797.0,60556,228,3.495614035087719
60564,812.5,60564,222,3.65990990990991
60661,706.0,60661,248,2.846774193548387
60670,507.0,60670,157,3.229299363057325
60692,518.0,60692,138,3.753623188405797
60693,865.0,60693,218,3.967889908256881
60713,622.0,60713,203,3.064039408866995
60716,802.5,60716,211,3.8033175355450237
60798,115.0,60798,30,3.8333333333333335
60863,663.0,60863,209,3.172248803827751
60890,520.0,60890,145,3.586206896551724
60891,753.0,60891,173,4.3526011560693645
60901,915.5,60901,256,3.576171875
60958,311.0,60958,83,3.746987951807229
60963,644.0,60963,174,3.7011494252873565
60971,411.0,60971,128,3.2109375
61020,499.0,61020,136,3.6691176470588234
61137,94.0,61137,29,3.2413793103448274
61235,170.5,61235,55,3.1
61240,417.5,61240,102,4.0931372549019605
61352,650.0,61352,180,3.611111111111111
61379,293.5,61379,77,3.811688311688312
61381,287.5,61381,82,3.5060975609756095
61400,523.0,61400,137,3.8175182481751824
61436,52.0,61436,16,3.25
61502,162.5,61502,47,3.4574468085106385
61544,615.0,61544,152,4.046052631578948
61592,217.5,61592,66,3.2954545454545454
61674,144.5,61674,34,4.25
61700,438.0,61700,93,4.709677419354839
61805,992.5,61805,287,3.4581881533101044
61836,342.0,61836,97,3.5257731958762886
61869,743.0,61869,250,2.972
61875,630.5,61875,203,3.105911330049261
61878,45.5,61878,13,3.5
61879,150.5,61879,41,3.6707317073170733
61910,567.0,61910,170,3.335294117647059
61915,754.5,61915,208,3.6274038461538463
61968,416.0,61968,107,3.8878504672897196
61985,703.0,61985,177,3.9717514124293785
62012,398.5,62012,103,3.8689320388349513
62014,436.5,62014,145,3.010344827586207
62042,206.5,62042,61,3.3852459016393444
62055,326.0,62055,103,3.1650485436893203
62091,619.0,62091,194,3.1907216494845363
62133,108.5,62133,28,3.875
62141,343.5,62141,84,4.089285714285714
62151,605.5,62151,161,3.760869565217391
62252,656.0,62252,162,4.049382716049383
62280,21.0,62280,6,3.5
62319,885.0,62319,239,3.702928870292887
62323,718.5,62323,200,3.5925
62332,1132.0,62332,325,3.483076923076923
62348,785.0,62348,212,3.702830188679245
62354,190.5,62354,48,3.96875
62394,402.0,62394,125,3.216
62474,780.5,62474,233,3.3497854077253217
62547,304.0,62547,81,3.753086419753086
62565,807.5,62565,234,3.450854700854701
62572,823.0,62572,218,3.7752293577981653
62637,630.5,62637,191,3.3010471204188483
62686,691.5,62686,182,3.7994505494505493
62691,294.5,62691,89,3.308988764044944
62787,253.5,62787,77,3.292207792207792
62795,5.0,62795,1,5.0
62815,1.0,62815,2,0.5
62819,835.5,62819,235,3.5553191489361704
62847,269.5,62847,73,3.691780821917808
62857,108.5,62857,25,4.34
62880,1135.0,62880,307,3.6970684039087947
62974,207.0,62974,52,3.980769230769231
63024,66.0,63024,15,4.4
63060,545.5,63060,171,3.190058479532164
63086,791.0,63086,225,3.5155555555555558
63198,739.0,63198,190,3.889473684210526
63213,227.5,63213,60,3.7916666666666665
63347,383.0,63347,168,2.2797619047619047
63348,209.0,63348,57,3.6666666666666665
63375,936.0,63375,255,3.6705882352941175
63395,319.0,63395,88,3.625
63405,403.5,63405,115,3.508695652173913
63438,714.0,63438,216,3.3055555555555554
63458,919.0,63458,254,3.6181102362204722
63491,304.5,63491,79,3.8544303797468356
63542,285.5,63542,96,2.9739583333333335
63556,1066.0,63556,280,3.807142857142857
63578,226.0,63578,56,4.035714285714286
63594,559.5,63594,175,3.197142857142857
63631,540.0,63631,152,3.5526315789473686
63698,148.0,63698,34,4.352941176470588
63717,284.0,63717,66,4.303030303030303
63725,1027.0,63725,286,3.590909090909091
63729,218.0,63729,62,3.5161290322580645
63872,694.5,63872,193,3.598445595854922
63873,168.0,63873,45,3.7333333333333334
63973,385.0,63973,110,3.5
63991,371.5,63991,97,3.829896907216495
64012,504.5,64012,140,3.6035714285714286
64063,821.5,64063,215,3.8209302325581396
64070,1.5,64070,1,1.5
64264,89.0,64264,20,4.45
64294,454.0,64294,119,3.8151260504201683
64344,715.5,64344,190,3.7657894736842104
64363,637.0,64363,174,3.660919540229885
64364,232.5,64364,86,2.703488372093023
64370,388.5,64370,158,2.4588607594936707
64411,1412.5,64411,361,3.912742382271468
64423,704.0,64423,204,3.450980392156863
64472,717.0,64472,188,3.8138297872340425
64500,706.0,64500,266,2.654135338345865
64515,291.5,64515,77,3.7857142857142856
64540,615.0,64540,188,3.271276595744681
64560,553.0,64560,162,3.4135802469135803
64581,465.5,64581,131,3.553435114503817
64587,396.0,64587,92,4.304347826086956
64621,1186.0,64621,309,3.838187702265372
64642,1087.0,64642,307,3.54071661237785
64712,56.5,64712,19,2.973684210526316
64821,616.5,64821,171,3.6052631578947367
64854,87.5,64854,20,4.375
64886,84.5,64886,19,4.447368421052632
64949,264.5,64949,58,4.560344827586207
64969,812.0,64969,198,4.101010101010101
65081,1140.0,65081,284,4.014084507042254
65135,1013.5,65135,272,3.7261029411764706
65174,214.5,65174,62,3.4596774193548385
65279,30.5,65279,9,3.388888888888889
65293,966.0,65293,249,3.8795180722891565
65298,846.5,65298,210,4.030952380952381
65301,346.0,65301,92,3.760869565217391
65308,1167.5,65308,339,3.443952802359882
65403,713.5,65403,218,3.272935779816514
65436,721.0,65436,200,3.605
65500,1109.5,65500,303,3.6617161716171616
65523,661.0,65523,175,3.777142857142857
65595,443.0,65595,129,3.434108527131783
65647,89.0,65647,21,4.238095238095238
65713,715.0,65713,169,4.230769230769231
65805,93.0,65805,24,3.875
65851,1160.0,65851,331,3.504531722054381
65867,337.0,65867,105,3.2095238095238097
65869,109.0,65869,27,4.037037037037037
65881,635.5,65881,199,3.193467336683417
65905,502.5,65905,148,3.39527027027027
65914,356.0,65914,100,3.56
65932,369.5,65932,95,3.889473684210526
66022,679.5,66022,178,3.817415730337079
66063,348.5,66063,76,4.5855263157894735
66134,619.0,66134,187,3.3101604278074865
66149,1163.0,66149,265,4.388679245283019
66152,330.0,66152,84,3.9285714285714284
66164,102.0,66164,25,4.08
66190,145.0,66190,31,4.67741935483871
66207,44.0,66207,12,3.6666666666666665
66227,248.0,66227,66,3.757575757575758
66328,976.5,66328,254,3.844488188976378
66390,512.5,66390,157,3.2643312101910826
66406,785.5,66406,234,3.356837606837607
66416,790.0,66416,223,3.5426008968609866
66457,322.5,66457,81,3.9814814814814814
66527,58.5,66527,14,4.178571428571429
66532,169.0,66532,44,3.840909090909091
66533,90.5,66533,27,3.3518518518518516
66541,533.0,66541,150,3.5533333333333332
66544,998.0,66544,272,3.6691176470588234
66553,738.0,66553,199,3.708542713567839
66650,43.0,66650,13,3.3076923076923075
66745,692.5,66745,176,3.934659090909091
66770,643.0,66770,207,3.106280193236715
66778,473.0,66778,125,3.784
66784,406.5,66784,131,3.1030534351145036
66831,331.0,66831,84,3.9404761904761907
66892,958.5,66892,262,3.6583969465648853
66893,591.5,66893,135,4.381481481481481
66902,76.5,66902,17,4.5
66929,223.5,66929,79,2.829113924050633
66968,36.0,66968,9,4.0
66978,219.5,66978,56,3.919642857142857
67010,227.0,67010,52,4.365384615384615
67033,162.5,67033,37,4.391891891891892
67042,873.5,67042,243,3.594650205761317
67068,772.0,67068,222,3.4774774774774775
67171,339.0,67171,116,2.9224137931034484
67189,1008.0,67189,295,3.4169491525423727
67199,190.5,67199,54,3.5277777777777777
67267,649.5,67267,149,4.359060402684563
67303,345.0,67303,94,3.6702127659574466
67306,939.5,67306,239,3.930962343096234
67325,1002.0,67325,244,4.10655737704918
67363,573.5,67363,211,2.7180094786729856
67401,440.0,67401,107,4.11214953271028
67410,621.0,67410,192,3.234375
67488,260.5,67488,75,3.473333333333333
67500,474.5,67500,128,3.70703125
67538,931.0,67538,232,4.012931034482759
67542,1531.5,67542,369,4.150406504065041
67594,871.0,67594,212,4.1084905660377355
67635,584.0,67635,153,3.816993464052288
67666,147.5,67666,38,3.8815789473684212
67687,1047.0,67687,295,3.549152542372881
67756,233.0,67756,70,3.3285714285714287
67795,588.0,67795,138,4.260869565217392
67840,138.0,67840,30,4.6
67841,174.5,67841,46,3.7934782608695654
67901,259.0,67901,67,3.8656716417910446
67907,36.5,67907,18,2.0277777777777777
67920,378.0,67920,188,2.0106382978723403
67924,722.0,67924,205,3.521951219512195
68044,106.5,68044,25,4.26
68046,82.0,68046,21,3.9047619047619047
68087,126.0,68087,30,4.2
68093,639.0,68093,164,3.8963414634146343
68117,67.0,68117,15,4.466666666666667
68151,244.0,68151,59,4.135593220338983
68163,431.5,68163,119,3.6260504201680672
68180,509.5,68180,123,4.142276422764228
68228,981.0,68228,302,3.248344370860927
68304,481.0,68304,146,3.2945205479452055
68393,563.0,68393,136,4.139705882352941
68396,79.0,68396,17,4.647058823529412
68424,289.0,68424,82,3.524390243902439
68441,307.0,68441,111,2.765765765765766
68516,990.0,68516,278,3.5611510791366907
68523,320.0,68523,85,3.764705882352941
68623,139.5,68623,34,4.102941176470588
68637,1144.0,68637,313,3.6549520766773163
68660,127.5,68660,32,3.984375
68722,335.0,68722,111,3.018018018018018
68773,116.5,68773,28,4.160714285714286
68810,540.0,68810,213,2.535211267605634
68829,349.5,68829,96,3.640625
68864,246.5,68864,66,3.734848484848485
68883,388.0,68883,105,3.6952380952380954
68899,940.5,68899,277,3.395306859205776
68912,328.5,68912,90,3.65
68934,117.0,68934,29,4.0344827586206895
68943,92.0,68943,22,4.181818181818182
68947,204.5,68947,46,4.445652173913044
68986,524.0,68986,196,2.673469387755102
68988,380.0,68988,114,3.3333333333333335
68989,143.5,68989,41,3.5
69002,414.5,69002,96,4.317708333333333
69022,177.0,69022,46,3.847826086956522
69043,95.0,69043,22,4.318181818181818
69066,476.0,69066,133,3.5789473684210527
69068,84.5,69068,26,3.25
69135,1230.0,69135,328,3.75
69153,880.0,69153,255,3.450980392156863
69195,451.0,69195,136,3.3161764705882355
69213,1019.0,69213,288,3.5381944444444446
69232,287.5,69232,83,3.463855421686747
69245,535.5,69245,137,3.908759124087591
69291,96.0,69291,28,3.4285714285714284
69341,324.0,69341,99,3.272727272727273
69374,906.0,69374,244,3.7131147540983607
69378,129.5,69378,32,4.046875
69388,633.0,69388,154,4.1103896103896105
69393,778.0,69393,227,3.4273127753303965
69469,424.5,69469,115,3.6913043478260867
69504,992.0,69504,303,3.273927392739274
69576,1032.0,69576,266,3.8796992481203008
69590,14.0,69590,3,4.666666666666667
69625,845.5,69625,240,3.5229166666666667
69668,408.5,69668,117,3.4914529914529915
69716,607.5,69716,175,3.4714285714285715
69719,228.0,69719,64,3.5625
69767,297.5,69767,86,3.4593023255813953
69805,421.5,69805,112,3.763392857142857
69820,405.5,69820,110,3.6863636363636365
69866,829.5,69866,238,3.485294117647059
69875,173.0,69875,44,3.9318181818181817
69891,612.0,69891,168,3.642857142857143
70037,838.5,70037,201,4.1716417910447765
70062,53.5,70062,15,3.566666666666667
70078,838.5,70078,236,3.5529661016949152
70100,368.5,70100,96,3.8385416666666665
70102,52.0,70102,16,3.25
70116,930.5,70116,267,3.4850187265917603
70120,110.0,70120,29,3.793103448275862
70142,109.0,70142,36,3.0277777777777777
70188,611.0,70188,175,3.4914285714285715
70287,608.0,70287,163,3.7300613496932513
70299,178.0,70299,50,3.56
70313,333.0,70313,83,4.0120481927710845
70331,1189.5,70331,309,3.849514563106796
70342,1013.0,70342,246,4.117886178861789
70362,802.0,70362,216,3.712962962962963
70369,677.5,70369,169,4.008875739644971
70374,252.5,70374,66,3.8257575757575757
70421,24.0,70421,7,3.4285714285714284
70485,617.5,70485,174,3.5488505747126435
70520,335.5,70520,83,4.042168674698795
70525,550.0,70525,147,3.741496598639456
70542,124.0,70542,44,2.8181818181818183
70560,739.0,70560,238,3.1050420168067228
70617,730.0,70617,167,4.37125748502994
70623,594.0,70623,159,3.7358490566037736
70642,185.0,70642,49,3.7755102040816326
70698,527.5,70698,157,3.359872611464968
70742,345.0,70742,95,3.6315789473684212
70743,1076.0,70743,299,3.5986622073578594
70753,784.5,70753,241,3.2551867219917012
70760,311.5,70760,82,3.798780487804878
70782,637.5,70782,188,3.390957446808511
70789,562.0,70789,133,4.225563909774436
70793,92.0,70793,21,4.380952380952381
70806,443.5,70806,130,3.4115384615384614
70816,522.0,70816,155,3.367741935483871
70878,618.5,70878,178,3.4747191011235956
70974,1296.0,70974,321,4.037383177570093
70981,344.0,70981,105,3.276190476190476
71037,394.0,71037,94,4.191489361702128
71052,5.0,71052,1,5.0
71055,991.0,71055,337,2.940652818991098
71107,56.5,71107,16,3.53125
71116,306.5,71116,77,3.9805194805194803
71149,673.5,71149,212,3.17688679245283
71278,694.0,71278,177,3.92090395480226
71287,53.5,71287,12,4.458333333333333
71291,531.0,71291,147,3.6122448979591835
71307,67.0,71307,18,3.7222222222222223
71323,47.0,71323,11,4.2727272727272725
71331,744.5,71331,189,3.939153439153439
71420,1251.0,71420,343,3.6472303206997085
71478,331.5,71478,90,3.683333333333333
71483,685.0,71483,192,3.5677083333333335
71487,429.5,71487,112,3.8348214285714284
71497,576.0,71497,153,3.764705882352941
71509,779.5,71509,245,3.1816326530612247
71525,596.5,71525,138,4.322463768115942
71529,293.0,71529,85,3.447058823529412
71534,357.5,71534,88,4.0625
